dataset,N,fm,E,Emm,EMM,EmM,gammam,gammaM
Caltech36,701,0.3252496433666191,15464,2351,6267,6846,4.656217805883415,3.5262749002451224
Escorts,16730,0.39593544530783026,39044,0,0,39044,2.477016848208403,4.397490763620144
Swarthmore42,1519,0.4924292297564187,53726,13689,14968,25069,4.997918417770962,4.9852833161565835
USF512009,1705,0.40410557184750734,15597,1798,5271,8528,3.6833272995323028,4.631681830309783
Wikipedia,2132,0.15337711069418386,3143,125,2434,584,3.6100803956457552,2.825920911566114
