dataset,N,E,class,minority,H,B,hmm,hMM
Caltech36,701,15464,gender,1,0.7652598337554604,0.3252496433666191,0.35000000000000003,0.37
Escorts,16730,39044,role,escort,7.814356933193873e-05,0.39593544530783026,0.0,0.0
Swarthmore42,1519,53726,gender,2,0.5253805830077487,0.4924292297564187,0.35000000000000003,0.37
USF512009,1705,15597,gender,2,0.3491504266836932,0.40410557184750734,0.21,0.33
Wikipedia,2132,3143,gender,female,2.4279760725082284,0.15337711069418386,0.5,0.46
